Id,PostId,Score,Text,CreationDate,UserDisplayName,UserId,ContentLicense
"2582","57194","0","WebMethods? I FEEL YOUR PAIN!!!","2008-09-11 18:35:22","","3474","CC BY-SA 2.5"
"98154921","55738442","0","Well, you simply make sure `display()` sits inside `render()`, and `this.state.allProductsDummy` inside `display()`","2019-04-18 03:35:53","","3617380","CC BY-SA 4.0"
"2500","462923","0","Without knowing what you're trying to do, it's not possible to answer this question.

I suggest updating the question with info about the size of your project, how many tables you think you'll have, how many records, etc.","2008-09-11 17:20:41","","1471","CC BY-SA 2.5"
"98154936","55738472","0","Hello, thanks for your reply. I actually tried that but when I did that, when I click, it doesn't check any :( I'll update the code to show you what I did @kenmistry","2019-04-18 03:38:33","","11093049","CC BY-SA 4.0"
"2942","38057","0","You should add more details about your edit on September 4. Specifying List<UglyProblem> instead of only List in the @OneToMany(mappedBy=""person"") mapping changes the nature of the problem, since I think we previously assumed you wanted to map a Person to a list of Problems (not Ugl","2008-09-12 01:02:14","","2783","CC BY-SA 2.5"
"98154937","55738102","0","Yes my JavaScript works fine. And I think the js error won’t effect my native button’s functionality. I am still so confused","2019-04-18 03:38:47","","8534227","CC BY-SA 4.0"
"98154907","55738472","0","instead of having the same state for both checkboxes, you'll need separate states for this. can you try adding states `checked1` and `checked2`, arranging them accordingly to their respective checkboxes?","2019-04-18 03:34:19","","5557220","CC BY-SA 4.0"
"98154940","55738705","0","Why are the variable names important to you?","2019-04-18 03:38:55","","218196","CC BY-SA 4.0"
"98154922","55738509","0","The problem isn't using a utility class, it's having an implicit communication channel where multiple instances of a consumer could step on each other. For example, it's very common to run tests in parallel, and they each need their own copy of the move list.","2019-04-18 03:35:58","","1189885","CC BY-SA 4.0"
"98154932","55738442","0","Do you know that `render()` is auto called for you everytime `state` changed?","2019-04-18 03:37:44","","3617380","CC BY-SA 4.0"